{"display":{"description":{"text":"Nice melon farm","color":"white"},"title":{"text":"Money addiction","color":"white"},"announce_to_chat":false,"icon":{"item":"diamond_block","data":0},"hidden":true,"frame":"challenge"},"criteria":{"inv_changed-melon_block":{"trigger":"minecraft:inventory_changed","conditions":{"slots":{"full":36},"items":[{"item":"melon_block","data":0}]}}},"rewards":{"experience":1000},"requirements":[["inv_changed-melon_block"]],"parent":"bizzcraft:secret_advancements/poor"}