{
    "display": {
        "icon": {
            "item": "minecraft:diamond_pickaxe"
        },
        "title": {
            "text": "Bad luck"
        },
        "description": {
            "text": "Break a diamond pickaxe"
        },
        "frame": "challenge"
    },
    "parent": "bizzcraft:miner_roots/stone_miner",
    "rewards": {
        "loot":["minecraft:entities/iron_golem"]
    },
    "criteria": {
        "broke_pickaxe": {
            "trigger": "minecraft:item_durability_changed",
            "conditions": {
                "item": {
                    "item": "minecraft:diamond_pickaxe"
                },
                "durability": -1
            }
        }
    }
}