{
    "display": {
        "icon": {
            "item": "minecraft:diamond_block",
			"data":0
        },
        "title": {
            "text":"BizzCraft"
        },
        "description": {
            "text": "Are you ready to take on all these challenges?"
        },
        "background": "minecraft:textures/gui/advancements/backgrounds/stone.png",
        "show_toast": true,
        "announce_to_chat": false
    },
    "criteria": {
        "instant": {
            "trigger": "minecraft:tick"
		}
	},
	"rewards": {
		"function":"bizzcraft:setup"
	}
}