{"display":{"description":{"text":"Break a diamond pickaxe","color":"white"},"title":{"text":"Bad luck","color":"white"},"icon":{"item":"diamond_pickaxe","data":0},"announce_to_chat":false},"criteria":{"item_durability_changed-diamond_pickaxe":{"trigger":"minecraft:item_durability_changed","conditions":{"item":{"item":"diamond_pickaxe","durability":{"min":-1}}}}},"rewards":{"function":"bizzcraft:miner_roots/bad_luck1"},"requirements":[["item_durability_changed-diamond_pickaxe"]],"parent":"bizzcraft:miner_roots/stone_miner"}