{"display":{"description":{"text":"Iron golems have no iron drops anymore","color":"white"},"title":{"text":"Rejected!","color":"white"},"icon":{"item":"iron_block","data":0},"announce_to_chat":false,"hidden":true,"frame":"challenge"},"criteria":{"summoned_entity-villager_golem":{"trigger":"minecraft:summoned_entity","conditions":{"entity":{"type":"villager_golem"}}}},"rewards":{"experience":100},"requirements":[["summoned_entity-villager_golem"]],"parent":"bizzcraft:secret_advancements/smart_cookie"}